<Grid>
   <Cfg id='EditFormula' NumberId='1' IdChars='0123456789' NoVScroll="1" NoHScroll="1" SuppressCfg="1"/>
   <Cfg EditingFormula="7"/>
   <Lang>
      <FormulaFunctions DateToString="string" ReverseString="reverse"/><!-- DateToString is TreeGrid global function, ReverseString is custom function defined in HTML -->
   </Lang>
   <Def>
      <D Name="R" Recalc="256"/>
   </Def>
   <Cols>
      <C Name="id" Color="#C4E3FF" Type="Int"/>
      <C Name='A' Type='Float' CanEmpty='1' Width='100'/>
      <C Name='B' Type='Float' Width='100'/>
      <C Name='C' Type='Float' CanEmpty='1' Width='100'/>
      <C Name='D' Type='Date' Width='200' SearchNames='DATE,D'/>
      <C Name='T' Type='Text' Width='250' SearchNames='TEXT,T'/>
   </Cols>
   <Header id='id' D='D / Date' T='T / Text'/>
   <Toolbar Styles='2'/>
   <Body>
      <B>
         <I id='1' A='4' B='2' C='7' D='1/10/2015' T='ABC'/>
         <I id='2' A='5' B='5' C='8' D='5/20/2015' T='DEF'/>
         <I id='3' A='6' B='5' C='9' D='3/30/2015' T='AAA'/>
         <I id='4' A='=sum(A1:A3)' B='=sum(B1:B3)' C='=sum(C1:C3)' D='=today()' T='=T1+";"+T2+";"+T3'/>
         <I id='5' A='=max(A1:A3)' B='=max(B1:B3)' C='=max(C1:C3)' D='=max(date1:date3)' T='=reverse(TEXT4)'/>
         <I id='6' T='=string(max(D1:D3)-min(D1:D3),"DDDD")+" days"' D='=now()'/>
         <I id='7' CanEditFormula='0' T='No formulas' Color='#F5E5FF'/>
         <I id='8'/>
         <I id='9' B='=year(D1)' C='=sum(8c:1A)' D='=time(C1,C2,C3)' T='=if A1>B1 then "A1 > B1" else if A1&lt;B1 then "A1 &lt; B1" else "A1 = B1"'/>
      </B>
   </Body>
</Grid>